
{
	"allowSleep" : true,
	"autoClearForces" : true,
	"body" : 
	[
		
		{
			"angle" : 0,
			"angularVelocity" : 0,
			"awake" : true,
			"fixture" : 
			[
				
				{
					"density" : 1,
					"friction" : 0.2,
					"name" : "fixture0",
					"polygon" : 
					{
						"vertices" : 
						{
							"x" : 
							[
								0.4907471239566803,
								0.1555265933275223,
								-0.1932843178510666,
								-0.5165886878967285,
								0.01752269268035889
							],
							"y" : 
							[
								0.3634482920169830,
								1.473382949829102,
								1.475171327590942,
								0.3686127960681915,
								-0.01475590467453003
							]
						}
					}
				},
				
				{
					"density" : 1,
					"friction" : 0.2,
					"name" : "fixture0",
					"polygon" : 
					{
						"vertices" : 
						{
							"x" : [ 0.01752269268035889, -0.5165886878967285, -0.9026399850845337 ],
							"y" : [ -0.01475590467453003, 0.3686127960681915, -0.9912778139114380 ]
						}
					}
				},
				
				{
					"density" : 1,
					"friction" : 0.2,
					"name" : "fixture0",
					"polygon" : 
					{
						"vertices" : 
						{
							"x" : [ 0.9145203828811646, 0.4907471239566803, 0.01752269268035889 ],
							"y" : [ -0.9677484035491943, 0.3634482920169830, -0.01475590467453003 ]
						}
					}
				}
			],
			"linearVelocity" : 0,
			"massData-I" : 0.9619964361190796,
			"massData-center" : 
			{
				"x" : -0.01632766425609589,
				"y" : 0.2790694534778595
			},
			"massData-mass" : 1.775443434715271,
			"name" : "body0",
			"position" : 
			{
				"x" : -0.04445909708738327,
				"y" : 0.9781001806259155
			},
			"type" : 2
		}
	],
	"collisionbitplanes" : 
	{
		"names" : 
		[
			"bitplane1",
			"bitplane2",
			"bitplane3",
			"bitplane4",
			"bitplane5",
			"bitplane6",
			"bitplane7",
			"bitplane8",
			"bitplane9",
			"bitplane10",
			"bitplane11",
			"bitplane12",
			"bitplane13",
			"bitplane14",
			"bitplane15",
			"bitplane16",
			"bitplane17",
			"bitplane18",
			"bitplane19",
			"bitplane20",
			"bitplane21",
			"bitplane22",
			"bitplane23",
			"bitplane24",
			"bitplane25",
			"bitplane26",
			"bitplane27",
			"bitplane28",
			"bitplane29",
			"bitplane30",
			"bitplane31",
			"bitplane32"
		]
	},
	"continuousPhysics" : true,
	"gravity" : 
	{
		"x" : 0,
		"y" : -10
	},
	"positionIterations" : 3,
	"stepsPerSecond" : 60.0,
	"subStepping" : false,
	"velocityIterations" : 8,
	"warmStarting" : true
}
