
{
	"allowSleep" : true,
	"autoClearForces" : true,
	"body" : 
	[
		
		{
			"angle" : 0,
			"angularVelocity" : 0,
			"awake" : true,
			"fixture" : 
			[
				
				{
					"customProperties" : 
					[
						
						{
							"name" : "type",
							"string" : "cosmetic"
						}
					],
					"density" : 0.1,
					"filter-maskBits" : 65534,
					"friction" : 0.2,
					"name" : "fixture2",
					"polygon" : 
					{
						"vertices" : 
						{
							"x" : 
							[
								0.5980225801467896,
								0.5980225801467896,
								-0.7825247049331665,
								-0.7825247049331665
							],
							"y" : 
							[
								-0.3435449600219727,
								0.3435446023941040,
								0.1509877443313599,
								-0.1509877443313599
							]
						}
					}
				}
			],
			"linearVelocity" : 0,
			"massData-I" : 0.01189830061048269,
			"massData-center" : 
			{
				"x" : -0.002660018857568502,
				"y" : -1.008816994385597e-007
			},
			"massData-mass" : 0.06827255338430405,
			"name" : "body0",
			"position" : 
			{
				"x" : 0.6208211183547974,
				"y" : 1.800019145011902
			},
			"type" : 2
		},
		
		{
			"angle" : 0,
			"angularVelocity" : 0,
			"awake" : true,
			"fixture" : 
			[
				
				{
					"customProperties" : 
					[
						
						{
							"name" : "type",
							"string" : "cosmetic"
						}
					],
					"density" : 0.1,
					"filter-maskBits" : 65534,
					"friction" : 0.2,
					"name" : "fixture1",
					"polygon" : 
					{
						"vertices" : 
						{
							"x" : 
							[
								0.4807510375976563,
								-0.1304846405982971,
								-0.7410793900489807,
								0.03886753320693970
							],
							"y" : 
							[
								0.5182441473007202,
								0.7886925339698792,
								-0.4508957266807556,
								-0.5754605531692505
							]
						}
					}
				}
			],
			"linearVelocity" : 0,
			"massData-I" : 0.01783600449562073,
			"massData-center" : 
			{
				"x" : -0.1022728756070137,
				"y" : 0.05981856212019920
			},
			"massData-mass" : 0.09154448658227921,
			"name" : "rocket",
			"position" : 
			{
				"x" : -0.6362795829772949,
				"y" : 1.610064148902893
			},
			"type" : 2
		},
		
		{
			"angle" : 0,
			"angularVelocity" : 0,
			"awake" : true,
			"fixture" : 
			[
				
				{
					"customProperties" : 
					[
						
						{
							"name" : "type",
							"string" : "main"
						}
					],
					"density" : 2,
					"filter-maskBits" : 65534,
					"friction" : 0.2,
					"name" : "fixture0",
					"polygon" : 
					{
						"vertices" : 
						{
							"x" : 
							[
								0.4907471239566803,
								0.1555265933275223,
								-0.1932843178510666,
								-0.5165886878967285,
								0.01752269268035889
							],
							"y" : 
							[
								0.3634482920169830,
								1.473382949829102,
								1.475171327590942,
								0.3686127960681915,
								-0.01475590467453003
							]
						}
					}
				},
				
				{
					"customProperties" : 
					[
						
						{
							"name" : "type",
							"string" : "main"
						}
					],
					"density" : 2,
					"filter-maskBits" : 65534,
					"friction" : 0.2,
					"name" : "fixture0",
					"polygon" : 
					{
						"vertices" : 
						{
							"x" : [ 0.01752269268035889, -0.5165886878967285, -0.9026399850845337 ],
							"y" : [ -0.01475590467453003, 0.3686127960681915, -0.9912778139114380 ]
						}
					}
				},
				
				{
					"customProperties" : 
					[
						
						{
							"name" : "type",
							"string" : "main"
						}
					],
					"density" : 2,
					"filter-maskBits" : 65534,
					"friction" : 0.2,
					"name" : "fixture0",
					"polygon" : 
					{
						"vertices" : 
						{
							"x" : [ 0.9145203828811646, 0.4907471239566803, 0.01752269268035889 ],
							"y" : [ -0.9677484035491943, 0.3634482920169830, -0.01475590467453003 ]
						}
					}
				}
			],
			"linearVelocity" : 0,
			"massData-I" : 1.923992872238159,
			"massData-center" : 
			{
				"x" : -0.01632766425609589,
				"y" : 0.2790694534778595
			},
			"massData-mass" : 3.550886869430542,
			"name" : "body",
			"position" : 
			{
				"x" : -0.04445909708738327,
				"y" : 0.9781001806259155
			},
			"type" : 2
		}
	],
	"collisionbitplanes" : 
	{
		"names" : 
		[
			"bitplane1",
			"bitplane2",
			"bitplane3",
			"bitplane4",
			"bitplane5",
			"bitplane6",
			"bitplane7",
			"bitplane8",
			"bitplane9",
			"bitplane10",
			"bitplane11",
			"bitplane12",
			"bitplane13",
			"bitplane14",
			"bitplane15",
			"bitplane16",
			"bitplane17",
			"bitplane18",
			"bitplane19",
			"bitplane20",
			"bitplane21",
			"bitplane22",
			"bitplane23",
			"bitplane24",
			"bitplane25",
			"bitplane26",
			"bitplane27",
			"bitplane28",
			"bitplane29",
			"bitplane30",
			"bitplane31",
			"bitplane32"
		]
	},
	"continuousPhysics" : true,
	"gravity" : 
	{
		"x" : 0,
		"y" : -10
	},
	"joint" : 
	[
		
		{
			"anchorA" : 
			{
				"x" : -0.6014950275421143,
				"y" : 0.005832195281982422
			},
			"anchorB" : 
			{
				"x" : 0.06378550082445145,
				"y" : 0.8277510404586792
			},
			"bodyA" : 0,
			"bodyB" : 2,
			"enableLimit" : false,
			"enableMotor" : true,
			"jointSpeed" : 0,
			"lowerLimit" : 0,
			"maxMotorTorque" : 2,
			"motorSpeed" : 0,
			"name" : "joint1",
			"refAngle" : 0,
			"type" : "revolute",
			"upperLimit" : 0
		},
		
		{
			"anchorA" : 
			{
				"x" : 0.1914050579071045,
				"y" : -0.03483974933624268
			},
			"anchorB" : 
			{
				"x" : -0.3991860449314117,
				"y" : 0.5938447713851929
			},
			"bodyA" : 1,
			"bodyB" : 2,
			"dampingRatio" : 0,
			"frequency" : 0,
			"name" : "joint0",
			"refAngle" : 0,
			"type" : "weld"
		}
	],
	"positionIterations" : 3,
	"stepsPerSecond" : 60.0,
	"subStepping" : false,
	"velocityIterations" : 8,
	"warmStarting" : true
}
